Presi Output%, Falsi positivi %, Trovate, Precision, Recall
Topo70 e 3%,84.68638646803761,2.1925113884670937,6683,0.9780748861153291,0.8810048038430744
